{
  "step": 50,
  "total_steps": 410,
  "total_success": 243,
  "total_reward": 336.79084712664155,
  "intent_stats": {
    "TRY": {
      "calls": 331,
      "success": 187,
      "reward": 255.61325689680268,
      "last_step": 49,
      "output_bytes": [
        63,
        63,
        63,
        63,
        63,
        63,
        63,
        63,
        63,
        63,
        63,
        63,
        63,
        63,
        63,
        63,
        63,
        63,
        63,
        63,
        63,
        63,
        63,
        63,
        1720,
        1615,
        1401,
        1615,
        970,
        1615,
        197,
        13,
        48,
        1615,
        3311,
        1615,
        2195,
        1615,
        4153,
        207,
        3631,
        207,
        207,
        162,
        1615,
        1675,
        1615,
        888,
        1615,
        915,
        1615,
        31,
        1615,
        1543,
        1615,
        567,
        1615,
        194,
        13,
        39,
        13,
        1479,
        13,
        517,
        13,
        536,
        13,
        370,
        13,
        1065,
        13,
        476,
        63,
        63,
        63,
        63,
        63,
        63,
        63,
        63,
        63,
        63,
        63,
        63,
        63,
        63,
        63,
        63,
        63,
        63,
        63,
        63,
        63,
        63,
        63,
        63,
        63,
        63,
        63,
        63,
        227,
        1615,
        863,
        1615,
        1615,
        765,
        1615,
        62,
        1615,
        957,
        1615,
        886,
        1615,
        857,
        1615,
        834,
        469,
        1615,
        1434,
        1615,
        891,
        1615,
        524,
        13,
        802,
        4223,
        13,
        13,
        1144,
        2602,
        13,
        852,
        13,
        897,
        429,
        13,
        893,
        1615,
        1109,
        1615,
        1059,
        442,
        1615,
        951,
        1615,
        2020,
        1615,
        223,
        1615,
        63,
        63,
        63,
        63,
        63,
        63,
        63,
        63,
        63,
        63,
        63,
        63,
        63,
        63,
        63,
        63,
        63,
        63,
        63,
        63,
        63,
        63,
        63,
        63,
        63,
        63,
        63,
        63,
        63,
        63,
        63,
        63,
        63,
        63,
        63,
        63,
        63,
        63,
        63,
        63,
        63,
        63,
        63,
        63,
        63,
        63,
        63,
        63,
        63,
        63,
        63,
        63,
        63,
        63,
        63,
        63,
        63,
        63,
        63,
        63,
        63,
        63,
        63,
        63,
        63,
        561,
        1615,
        540,
        1615,
        1689,
        1615,
        90,
        1615,
        934,
        1178,
        1615,
        549,
        13,
        723,
        13,
        1615,
        536,
        1615,
        75,
        1615,
        511,
        207,
        946,
        207,
        27,
        1732,
        783,
        1615,
        1120,
        1615,
        805,
        207,
        1639,
        1615,
        1094,
        1615,
        812,
        1615,
        412,
        1615,
        241,
        1615,
        1232,
        16663,
        207,
        1503,
        207,
        216,
        207,
        934,
        765,
        1615,
        782,
        1615,
        1065,
        1615,
        1615,
        639,
        1615,
        316,
        207,
        134,
        207,
        963,
        207,
        946,
        207,
        469,
        207,
        434,
        207,
        207,
        2479,
        207,
        634,
        1615,
        2025,
        1615,
        1107,
        1615,
        774,
        1615,
        541,
        492,
        1615,
        934,
        1615,
        412,
        1615,
        41,
        1510,
        1615,
        179,
        1615,
        951,
        1615,
        1615,
        2187,
        897,
        207,
        946,
        207,
        207,
        4838,
        207,
        207,
        936,
        207,
        2602,
        207,
        1878
      ],
      "facts_added": []
    },
    "CREATE": {
      "calls": 46,
      "success": 32,
      "reward": 38.42965829832451,
      "last_step": 50,
      "output_bytes": [
        63,
        63,
        63,
        63,
        63,
        63,
        63,
        63,
        63,
        63,
        63,
        63,
        63,
        63
      ],
      "facts_added": []
    },
    "OBSERVE": {
      "calls": 33,
      "success": 24,
      "reward": 42.74793193151438,
      "last_step": 39,
      "output_bytes": [
        15,
        25,
        160,
        839,
        160,
        160,
        160,
        25,
        160,
        160,
        160,
        160,
        25,
        25,
        15,
        25,
        25,
        25,
        160,
        839,
        160,
        160,
        160,
        839,
        160,
        160,
        160,
        160,
        839,
        160,
        411,
        160,
        160
      ],
      "facts_added": []
    }
  },
  "highlights": [
    {
      "step": 36,
      "intent": "TRY",
      "reward": 1.66,
      "output_len": 207,
      "n_facts": 0
    },
    {
      "step": 37,
      "intent": "TRY",
      "reward": 1.41,
      "output_len": 946,
      "n_facts": 0
    },
    {
      "step": 39,
      "intent": "OBSERVE",
      "reward": 2.34,
      "output_len": 160,
      "n_facts": 0
    },
    {
      "step": 40,
      "intent": "TRY",
      "reward": 0.52,
      "output_len": 207,
      "n_facts": 0
    },
    {
      "step": 41,
      "intent": "TRY",
      "reward": 2.34,
      "output_len": 4838,
      "n_facts": 0
    },
    {
      "step": 43,
      "intent": "CREATE",
      "reward": 0.72,
      "output_len": 2,
      "n_facts": 0
    },
    {
      "step": 44,
      "intent": "TRY",
      "reward": 0.52,
      "output_len": 207,
      "n_facts": 0
    },
    {
      "step": 47,
      "intent": "TRY",
      "reward": 0.83,
      "output_len": 2602,
      "n_facts": 0
    },
    {
      "step": 49,
      "intent": "TRY",
      "reward": 0.82,
      "output_len": 1878,
      "n_facts": 0
    },
    {
      "step": 50,
      "intent": "CREATE",
      "reward": 0.95,
      "output_len": 3,
      "n_facts": 0
    }
  ],
  "creations": [
    {
      "step": 7,
      "path": "/tmp/report_7.md",
      "size": 196
    },
    {
      "step": 10,
      "path": "/tmp/report_10.md",
      "size": 197
    },
    {
      "step": 19,
      "path": "/tmp/report_19.md",
      "size": 179
    },
    {
      "step": 26,
      "path": "/tmp/report_26.md",
      "size": 179
    },
    {
      "step": 13,
      "path": "/tmp/report_13.md",
      "size": 210
    },
    {
      "step": 20,
      "path": "/tmp/report_20.md",
      "size": 127
    },
    {
      "step": 7,
      "path": "/tmp/report_7.md",
      "size": 126
    },
    {
      "step": 10,
      "path": "/tmp/report_10.md",
      "size": 179
    },
    {
      "step": 13,
      "path": "/tmp/report_13.md",
      "size": 179
    },
    {
      "step": 18,
      "path": "/tmp/report_18.md",
      "size": 179
    },
    {
      "step": 27,
      "path": "/tmp/report_27.md",
      "size": 94
    },
    {
      "step": 34,
      "path": "/tmp/report_34.md",
      "size": 189
    },
    {
      "step": 36,
      "path": "/tmp/report_36.md",
      "size": 125
    },
    {
      "step": 40,
      "path": "/tmp/report_40.md",
      "size": 179
    },
    {
      "step": 43,
      "path": "/tmp/report_43.md",
      "size": 189
    },
    {
      "step": 46,
      "path": "/tmp/report_46.md",