{
  "step": 10,
  "total_steps": 180,
  "total_success": 109,
  "total_reward": 137.37606215932863,
  "intent_stats": {
    "TRY": {
      "calls": 151,
      "success": 88,
      "reward": 111.52606355623465,
      "last_step": 10,
      "output_bytes": [
        63,
        63,
        63,
        63,
        63,
        63,
        63,
        63,
        63,
        63,
        63,
        63,
        63,
        63,
        63,
        63,
        63,
        63,
        63,
        63,
        63,
        63,
        63,
        63,
        1720,
        1615,
        1401,
        1615,
        970,
        1615,
        197,
        13,
        48,
        1615,
        3311,
        1615,
        2195,
        1615,
        4153,
        207,
        3631,
        207,
        207,
        162,
        1615,
        1675,
        1615,
        888,
        1615,
        915,
        1615,
        31,
        1615,
        1543,
        1615,
        567,
        1615,
        194,
        13,
        39,
        13,
        1479,
        13,
        517,
        13,
        536,
        13,
        370,
        13,
        1065,
        13,
        476,
        63,
        63,
        63,
        63,
        63,
        63,
        63,
        63,
        63,
        63,
        63,
        63,
        63,
        63,
        63,
        63,
        63,
        63,
        63,
        63,
        63,
        63,
        63,
        63,
        63,
        63,
        63,
        63,
        227,
        1615,
        863,
        1615,
        1615,
        765,
        1615,
        62,
        1615,
        957,
        1615,
        886,
        1615,
        857,
        1615,
        834,
        469,
        1615,
        1434,
        1615,
        891,
        1615,
        524,
        13,
        802,
        4223,
        13,
        13,
        1144,
        2602,
        13,
        852,
        13,
        897,
        429,
        13,
        893,
        1615,
        1109,
        1615,
        1059,
        442,
        1615,
        951,
        1615,
        2020,
        1615,
        223,
        1615
      ],
      "facts_added": []
    },
    "CREATE": {
      "calls": 17,
      "success": 12,
      "reward": 13.28898694526885,
      "last_step": 26,
      "output_bytes": [
        63,
        63,
        63,
        63,
        63
      ],
      "facts_added": []
    },
    "OBSERVE": {
      "calls": 12,
      "success": 9,
      "reward": 12.561011657825201,
      "last_step": 2,
      "output_bytes": [
        15,
        25,
        160,
        839,
        160,
        160,
        160,
        25,
        160,
        160,
        160,
        160
      ],
      "facts_added": []
    }
  },
  "highlights": [
    {
      "step": 26,
      "intent": "CREATE",
      "reward": 0.72,
      "output_len": 2,
      "n_facts": 0
    },
    {
      "step": 27,
      "intent": "TRY",
      "reward": 2.38,
      "output_len": 893,
      "n_facts": 0
    },
    {
      "step": 28,
      "intent": "TRY",
      "reward": 0.72,
      "output_len": 1615,
      "n_facts": 0
    },
    {
      "step": 29,
      "intent": "TRY",
      "reward": 1.5,
      "output_len": 1109,
      "n_facts": 0
    },
    {
      "step": 1,
      "intent": "TRY",
      "reward": 1.3,
      "output_len": 1059,
      "n_facts": 0
    },
    {
      "step": 2,
      "intent": "OBSERVE",
      "reward": 0.61,
      "output_len": 160,
      "n_facts": 0
    },
    {
      "step": 3,
      "intent": "TRY",
      "reward": 1.36,
      "output_len": 442,
      "n_facts": 0
    },
    {
      "step": 4,
      "intent": "TRY",
      "reward": 1.45,
      "output_len": 1615,
      "n_facts": 0
    },
    {
      "step": 5,
      "intent": "TRY",
      "reward": 2.51,
      "output_len": 951,
      "n_facts": 0
    },
    {
      "step": 7,
      "intent": "TRY",
      "reward": 0.94,
      "output_len": 2020,
      "n_facts": 0
    }
  ],
  "creations": [
    {
      "step": 7,
      "path": "/tmp/report_7.md",
      "size": 196
    },
    {
      "step": 10,
      "path": "/tmp/report_10.md",
      "size": 197
    },
    {
      "step": 19,
      "path": "/tmp/report_19.md",
      "size": 179
    },
    {
      "step": 26,
      "path": "/tmp/report_26.md",
      "size": 179
    },
    {
      "step": 13,
      "path": "/tmp/report_13.md",
      "size": 210
    },
    {
      "step": 20,
      "path": "/tmp/report_20.md",
      "size": 127
    },
    {
      "step": 7,
      "path": "/tmp/report_7.md",
      "size": 126
    }
  ]
}