{
  "step": 100,
  "total_steps": 820,
  "total_success": 601,
  "total_reward": 792.8164222959371,
  "intent_stats": {
    "TRY": {
      "calls": 640,
      "success": 444,
      "reward": 590.2139504740743,
      "last_step": 99,
      "output_bytes": [
        63,
        63,
        63,
        63,
        63,
        63,
        63,
        63,
        63,
        63,
        63,
        63,
        63,
        63,
        63,
        63,
        63,
        63,
        63,
        63,
        63,
        63,
        63,
        63,
        1720,
        1615,
        1401,
        1615,
        970,
        1615,
        197,
        13,
        48,
        1615,
        3311,
        1615,
        2195,
        1615,
        4153,
        207,
        3631,
        207,
        207,
        162,
        1615,
        1675,
        1615,
        888,
        1615,
        915,
        1615,
        31,
        1615,
        1543,
        1615,
        567,
        1615,
        194,
        13,
        39,
        13,
        1479,
        13,
        517,
        13,
        536,
        13,
        370,
        13,
        1065,
        13,
        476,
        63,
        63,
        63,
        63,
        63,
        63,
        63,
        63,
        63,
        63,
        63,
        63,
        63,
        63,
        63,
        63,
        63,
        63,
        63,
        63,
        63,
        63,
        63,
        63,
        63,
        63,
        63,
        63,
        227,
        1615,
        863,
        1615,
        1615,
        765,
        1615,
        62,
        1615,
        957,
        1615,
        886,
        1615,
        857,
        1615,
        834,
        469,
        1615,
        1434,
        1615,
        891,
        1615,
        524,
        13,
        802,
        4223,
        13,
        13,
        1144,
        2602,
        13,
        852,
        13,
        897,
        429,
        13,
        893,
        1615,
        1109,
        1615,
        1059,
        442,
        1615,
        951,
        1615,
        2020,
        1615,
        223,
        1615,
        63,
        63,
        63,
        63,
        63,
        63,
        63,
        63,
        63,
        63,
        63,
        63,
        63,
        63,
        63,
        63,
        63,
        63,
        63,
        63,
        63,
        63,
        63,
        63,
        63,
        63,
        63,
        63,
        63,
        63,
        63,
        63,
        63,
        63,
        63,
        63,
        63,
        63,
        63,
        63,
        63,
        63,
        63,
        63,
        63,
        63,
        63,
        63,
        63,
        63,
        63,
        63,
        63,
        63,
        63,
        63,
        63,
        63,
        63,
        63,
        63,
        63,
        63,
        63,
        63,
        561,
        1615,
        540,
        1615,
        1689,
        1615,
        90,
        1615,
        934,
        1178,
        1615,
        549,
        13,
        723,
        13,
        1615,
        536,
        1615,
        75,
        1615,
        511,
        207,
        946,
        207,
        27,
        1732,
        783,
        1615,
        1120,
        1615,
        805,
        207,
        1639,
        1615,
        1094,
        1615,
        812,
        1615,
        412,
        1615,
        241,
        1615,
        1232,
        16663,
        207,
        1503,
        207,
        216,
        207,
        934,
        765,
        1615,
        782,
        1615,
        1065,
        1615,
        1615,
        639,
        1615,
        316,
        207,
        134,
        207,
        963,
        207,
        946,
        207,
        469,
        207,
        434,
        207,
        207,
        2479,
        207,
        634,
        1615,
        2025,
        1615,
        1107,
        1615,
        774,
        1615,
        541,
        492,
        1615,
        934,
        1615,
        412,
        1615,
        41,
        1510,
        1615,
        179,
        1615,
        951,
        1615,
        1615,
        2187,
        897,
        207,
        946,
        207,
        207,
        4838,
        207,
        207,
        936,
        207,
        2602,
        207,
        1878,
        897,
        1615,
        579,
        1615,
        707,
        1615,
        556,
        1615,
        893,
        98,
        769,
        1615,
        4042,
        13,
        803,
        1638,
        1135,
        13,
        1507,
        1615,
        1543,
        1615,
        1124,
        1615,
        1018,
        13,
        599,
        13,
        13,
        79,
        13,
        387,
        13,
        13,
        549,
        1615,
        39,
        13,
        1615,
        1615,
        904,
        1615,
        1480,
        207,
        571,
        207,
        207,
        801,
        207,
        207,
        614,
        112,
        112,
        4042,
        1720,
        112,
        709,
        112,
        2049,
        223,
        112,
        240,
        112,
        1120,
        112,
        946,
        112,
        3933,
        441,
        1615,
        3868,
        1615,
        541,
        1615,
        4224,
        1615,
        554,
        13,
        599,
        614,
        13,
        134,
        13,
        1257,
        13,
        13,
        1124,
        13,
        1815,
        207,
        1480,
        207,
        207,
        679,
        1232,
        765,
        207,
        1615,
        348,
        1615,
        888,
        1615,
        635,
        177,
        1615,
        165,
        1615,
        476,
        1615,
        217,
        1615,
        124,
        13,
        963,
        13,
        13,
        963,
        26,
        142,
        13,
        276,
        13,
        1117,
        13,
        2195,
        13,
        2020,
        13,
        134,
        1368,
        1615,
        567,
        1615,
        442,
        1615,
        240,
        1615,
        340,
        1615,
        116,
        13,
        1465,
        283,
        794,
        13,
        197,
        13,
        635,
        13,
        1059,
        13,
        13,
        16663,
        487,
        1615,
        863,
        194,
        1615,
        1615,
        2197,
        1615,
        554,
        1615,
        13,
        13,
        1120,
        682,
        812,
        4227,
        13,
        13,
        2084,
        529,
        1615,
        769,
        1615,
        882,
        1615,
        571,
        1615,
        1120,
        1615,
        556,
        1615,
        159,
        1615,
        1650,
        8069,
        370,
        1615,
        1694,
        1027,
        1615,
        483,
        1615,
        13,
        473,
        13,
        90,
        181,
        13,
        631,
        709,
        13,
        348,
        13,
        13,
        3933,
        13,
        4042,
        2049,
        207,
        241,
        207,
        25,
        207,
        2025,
        41,
        2195,
        1615,
        1120,
        179,
        1615,
        169,
        1543,
        1615,
        643,
        1615,
        549,
        1615,
        90,
        1507,
        13,
        2042,
        13,
        13,
        27,
        13,
        915,
        1615,
        295,
        13,
        1815,
        13,
        541,
        13,
        1018,
        1615,
        448,
        1615,
        468,
        324,
        1615,
        1853,
        2285,
        805,
        1615,
        1615,
        2501,
        1615,
        25,
        1615,
        4227,
        1615,
        1615,
        1615,
        1117,
        1615,
        124,
